<?xml version="1.0" encoding="UTF-8"?>
<GenRun Id="impl_1" LaunchPart="xc7a100tcsg324-1" LaunchTime="1592684148">
  <File Type="ROUTE-PWR" Name="Decoder4x16_power_routed.rpt"/>
  <File Type="PA-TCL" Name="Decoder4x16.tcl"/>
  <File Type="BITSTR-BMM" Name="Decoder4x16_bd.bmm"/>
  <File Type="ROUTE-PWR-SUM" Name="Decoder4x16_power_summary_routed.pb"/>
  <File Type="REPORTS-TCL" Name="Decoder4x16_reports.tcl"/>
  <File Type="OPT-DCP" Name="Decoder4x16_opt.dcp"/>
  <File Type="OPT-DRC" Name="Decoder4x16_drc_opted.rpt"/>
  <File Type="OPT-HWDEF" Name="Decoder4x16.hwdef"/>
  <File Type="PWROPT-DCP" Name="Decoder4x16_pwropt.dcp"/>
  <File Type="PLACE-DCP" Name="Decoder4x16_placed.dcp"/>
  <File Type="PLACE-IO" Name="Decoder4x16_io_placed.rpt"/>
  <File Type="PLACE-UTIL" Name="Decoder4x16_utilization_placed.rpt"/>
  <File Type="PLACE-UTIL-PB" Name="Decoder4x16_utilization_placed.pb"/>
  <File Type="PLACE-CTRL" Name="Decoder4x16_control_sets_placed.rpt"/>
  <File Type="PLACE-PRE-SIMILARITY" Name="Decoder4x16_incremental_reuse_pre_placed.rpt"/>
  <File Type="POSTPLACE-PWROPT-DCP" Name="Decoder4x16_postplace_pwropt.dcp"/>
  <File Type="BG-BIN" Name="Decoder4x16.bin"/>
  <File Type="PHYSOPT-DCP" Name="Decoder4x16_physopt.dcp"/>
  <File Type="BITSTR-MSK" Name="Decoder4x16.msk"/>
  <File Type="ROUTE-ERROR-DCP" Name="Decoder4x16_routed_error.dcp"/>
  <File Type="ROUTE-DCP" Name="Decoder4x16_routed.dcp"/>
  <File Type="ROUTE-BLACKBOX-DCP" Name="Decoder4x16_routed_bb.dcp"/>
  <File Type="ROUTE-DRC" Name="Decoder4x16_drc_routed.rpt"/>
  <File Type="ROUTE-DRC-PB" Name="Decoder4x16_drc_routed.pb"/>
  <File Type="ROUTE-DRC-RPX" Name="Decoder4x16_drc_routed.rpx"/>
  <File Type="ROUTE-METHODOLOGY-DRC" Name="Decoder4x16_methodology_drc_routed.rpt"/>
  <File Type="BITSTR-MMI" Name="Decoder4x16.mmi"/>
  <File Type="ROUTE-METHODOLOGY-DRC-RPX" Name="Decoder4x16_methodology_drc_routed.rpx"/>
  <File Type="ROUTE-METHODOLOGY-DRC-PB" Name="Decoder4x16_methodology_drc_routed.pb"/>
  <File Type="ROUTE-PWR-RPX" Name="Decoder4x16_power_routed.rpx"/>
  <File Type="ROUTE-STATUS" Name="Decoder4x16_route_status.rpt"/>
  <File Type="ROUTE-STATUS-PB" Name="Decoder4x16_route_status.pb"/>
  <File Type="ROUTE-TIMINGSUMMARY" Name="Decoder4x16_timing_summary_routed.rpt"/>
  <File Type="ROUTE-TIMING-PB" Name="Decoder4x16_timing_summary_routed.pb"/>
  <File Type="ROUTE-TIMING-RPX" Name="Decoder4x16_timing_summary_routed.rpx"/>
  <File Type="ROUTE-CLK" Name="Decoder4x16_clock_utilization_routed.rpt"/>
  <File Type="ROUTE-BUS-SKEW" Name="Decoder4x16_bus_skew_routed.rpt"/>
  <File Type="ROUTE-BUS-SKEW-PB" Name="Decoder4x16_bus_skew_routed.pb"/>
  <File Type="ROUTE-BUS-SKEW-RPX" Name="Decoder4x16_bus_skew_routed.rpx"/>
  <File Type="POSTROUTE-PHYSOPT-DCP" Name="Decoder4x16_postroute_physopt.dcp"/>
  <File Type="POSTROUTE-PHYSOPT-BLACKBOX-DCP" Name="Decoder4x16_postroute_physopt_bb.dcp"/>
  <File Type="BG-BIT" Name="Decoder4x16.bit"/>
  <File Type="BITSTR-RBT" Name="Decoder4x16.rbt"/>
  <File Type="BITSTR-NKY" Name="Decoder4x16.nky"/>
  <File Type="PDI-FILE" Name="Decoder4x16.pdi"/>
  <File Type="RCFI_FILE" Name="Decoder4x16.rcfi"/>
  <File Type="CFI_FILE" Name="Decoder4x16.cfi"/>
  <File Type="RNPI_FILE" Name="Decoder4x16.rnpi"/>
  <File Type="NPI_FILE" Name="Decoder4x16.npi"/>
  <File Type="RBD_FILE" Name="Decoder4x16.rbd"/>
  <File Type="BITSTR-LTX" Name="Decoder4x16.ltx"/>
  <File Type="BITSTR-SYSDEF" Name="Decoder4x16.sysdef"/>
  <File Type="BG-BGN" Name="Decoder4x16.bgn"/>
  <File Type="BG-DRC" Name="Decoder4x16.drc"/>
  <File Type="RDI-RDI" Name="Decoder4x16.vdi"/>
  <File Type="WBT-USG" Name="usage_statistics_webtalk.html"/>
  <FileSet Name="sources" Type="DesignSrcs" RelSrcDir="$PSRCDIR/sources_1">
    <Filter Type="Srcs"/>
    <File Path="$PSRCDIR/sources_1/new/4x16Decoder.v">
      <FileInfo>
        <Attr Name="UsedIn" Val="synthesis"/>
        <Attr Name="UsedIn" Val="implementation"/>
        <Attr Name="UsedIn" Val="simulation"/>
      </FileInfo>
    </File>
    <Config>
      <Option Name="DesignMode" Val="RTL"/>
      <Option Name="TopModule" Val="Decoder4x16"/>
      <Option Name="TopAutoSet" Val="TRUE"/>
    </Config>
  </FileSet>
  <FileSet Name="constrs_in" Type="Constrs" RelSrcDir="$PSRCDIR/constrs_1">
    <Filter Type="Constrs"/>
    <File Path="$PSRCDIR/constrs_1/new/Decoder4x16.xdc">
      <FileInfo>
        <Attr Name="UsedIn" Val="synthesis"/>
        <Attr Name="UsedIn" Val="implementation"/>
      </FileInfo>
    </File>
    <Config>
      <Option Name="ConstrsType" Val="XDC"/>
    </Config>
  </FileSet>
  <FileSet Name="utils" Type="Utils" RelSrcDir="$PSRCDIR/utils_1">
    <Filter Type="Utils"/>
    <Config>
      <Option Name="TopAutoSet" Val="TRUE"/>
    </Config>
  </FileSet>
  <Strategy Version="1" Minor="2">
    <StratHandle Name="Vivado Implementation Defaults" Flow="Vivado Implementation 2019"/>
    <Step Id="init_design"/>
    <Step Id="opt_design"/>
    <Step Id="power_opt_design"/>
    <Step Id="place_design"/>
    <Step Id="post_place_power_opt_design"/>
    <Step Id="phys_opt_design" EnableStepBool="1"/>
    <Step Id="route_design"/>
    <Step Id="post_route_phys_opt_design"/>
    <Step Id="write_bitstream"/>
    <Step Id="write_device_image"/>
  </Strategy>
</GenRun>
