<?xml version="1.0" encoding="UTF-8"?>
<GenRun Id="impl_1" LaunchPart="xc7a100tcsg324-1" LaunchTime="1593391461">
  <File Type="BITSTR-BMM" Name="FA_NBIT_bd.bmm"/>
  <File Type="OPT-METHODOLOGY-DRC" Name="FA_NBIT_methodology_drc_opted.rpt"/>
  <File Type="INIT-TIMING" Name="FA_NBIT_timing_summary_init.rpt"/>
  <File Type="ROUTE-PWR" Name="FA_NBIT_power_routed.rpt"/>
  <File Type="PA-TCL" Name="FA_NBIT.tcl"/>
  <File Type="OPT-TIMING" Name="FA_NBIT_timing_summary_opted.rpt"/>
  <File Type="OPT-DCP" Name="FA_NBIT_opt.dcp"/>
  <File Type="ROUTE-PWR-SUM" Name="FA_NBIT_power_summary_routed.pb"/>
  <File Type="REPORTS-TCL" Name="FA_NBIT_reports.tcl"/>
  <File Type="OPT-DRC" Name="FA_NBIT_drc_opted.rpt"/>
  <File Type="OPT-HWDEF" Name="FA_NBIT.hwdef"/>
  <File Type="PWROPT-DCP" Name="FA_NBIT_pwropt.dcp"/>
  <File Type="PWROPT-DRC" Name="FA_NBIT_drc_pwropted.rpt"/>
  <File Type="PWROPT-TIMING" Name="FA_NBIT_timing_summary_pwropted.rpt"/>
  <File Type="PLACE-DCP" Name="FA_NBIT_placed.dcp"/>
  <File Type="PLACE-IO" Name="FA_NBIT_io_placed.rpt"/>
  <File Type="PLACE-CLK" Name="FA_NBIT_clock_utilization_placed.rpt"/>
  <File Type="PLACE-UTIL" Name="FA_NBIT_utilization_placed.rpt"/>
  <File Type="PLACE-UTIL-PB" Name="FA_NBIT_utilization_placed.pb"/>
  <File Type="PLACE-CTRL" Name="FA_NBIT_control_sets_placed.rpt"/>
  <File Type="PLACE-SIMILARITY" Name="FA_NBIT_incremental_reuse_placed.rpt"/>
  <File Type="PLACE-PRE-SIMILARITY" Name="FA_NBIT_incremental_reuse_pre_placed.rpt"/>
  <File Type="PLACE-TIMING" Name="FA_NBIT_timing_summary_placed.rpt"/>
  <File Type="POSTPLACE-PWROPT-DCP" Name="FA_NBIT_postplace_pwropt.dcp"/>
  <File Type="BG-BIN" Name="FA_NBIT.bin"/>
  <File Type="POSTPLACE-PWROPT-TIMING" Name="FA_NBIT_timing_summary_postplace_pwropted.rpt"/>
  <File Type="PHYSOPT-DCP" Name="FA_NBIT_physopt.dcp"/>
  <File Type="PHYSOPT-DRC" Name="FA_NBIT_drc_physopted.rpt"/>
  <File Type="BITSTR-MSK" Name="FA_NBIT.msk"/>
  <File Type="PHYSOPT-TIMING" Name="FA_NBIT_timing_summary_physopted.rpt"/>
  <File Type="ROUTE-ERROR-DCP" Name="FA_NBIT_routed_error.dcp"/>
  <File Type="ROUTE-DCP" Name="FA_NBIT_routed.dcp"/>
  <File Type="ROUTE-BLACKBOX-DCP" Name="FA_NBIT_routed_bb.dcp"/>
  <File Type="ROUTE-DRC" Name="FA_NBIT_drc_routed.rpt"/>
  <File Type="ROUTE-DRC-PB" Name="FA_NBIT_drc_routed.pb"/>
  <File Type="ROUTE-DRC-RPX" Name="FA_NBIT_drc_routed.rpx"/>
  <File Type="BITSTR-MMI" Name="FA_NBIT.mmi"/>
  <File Type="ROUTE-METHODOLOGY-DRC" Name="FA_NBIT_methodology_drc_routed.rpt"/>
  <File Type="ROUTE-METHODOLOGY-DRC-RPX" Name="FA_NBIT_methodology_drc_routed.rpx"/>
  <File Type="ROUTE-METHODOLOGY-DRC-PB" Name="FA_NBIT_methodology_drc_routed.pb"/>
  <File Type="ROUTE-PWR-RPX" Name="FA_NBIT_power_routed.rpx"/>
  <File Type="ROUTE-STATUS" Name="FA_NBIT_route_status.rpt"/>
  <File Type="ROUTE-STATUS-PB" Name="FA_NBIT_route_status.pb"/>
  <File Type="ROUTE-TIMINGSUMMARY" Name="FA_NBIT_timing_summary_routed.rpt"/>
  <File Type="ROUTE-TIMING-PB" Name="FA_NBIT_timing_summary_routed.pb"/>
  <File Type="ROUTE-TIMING-RPX" Name="FA_NBIT_timing_summary_routed.rpx"/>
  <File Type="ROUTE-SIMILARITY" Name="FA_NBIT_incremental_reuse_routed.rpt"/>
  <File Type="ROUTE-CLK" Name="FA_NBIT_clock_utilization_routed.rpt"/>
  <File Type="ROUTE-BUS-SKEW" Name="FA_NBIT_bus_skew_routed.rpt"/>
  <File Type="ROUTE-BUS-SKEW-PB" Name="FA_NBIT_bus_skew_routed.pb"/>
  <File Type="ROUTE-BUS-SKEW-RPX" Name="FA_NBIT_bus_skew_routed.rpx"/>
  <File Type="POSTROUTE-PHYSOPT-DCP" Name="FA_NBIT_postroute_physopt.dcp"/>
  <File Type="POSTROUTE-PHYSOPT-BLACKBOX-DCP" Name="FA_NBIT_postroute_physopt_bb.dcp"/>
  <File Type="POSTROUTE-PHYSOPT-TIMING" Name="FA_NBIT_timing_summary_postroute_physopted.rpt"/>
  <File Type="POSTROUTE-PHYSOPT-TIMING-PB" Name="FA_NBIT_timing_summary_postroute_physopted.pb"/>
  <File Type="POSTROUTE-PHYSOPT-TIMING-RPX" Name="FA_NBIT_timing_summary_postroute_physopted.rpx"/>
  <File Type="POSTROUTE-PHYSOPT-BUS-SKEW" Name="FA_NBIT_bus_skew_postroute_physopted.rpt"/>
  <File Type="POSTROUTE-PHYSOPT-BUS-SKEW-PB" Name="FA_NBIT_bus_skew_postroute_physopted.pb"/>
  <File Type="BG-BIT" Name="FA_NBIT.bit"/>
  <File Type="POSTROUTE-PHYSOPT-BUS-SKEW-RPX" Name="FA_NBIT_bus_skew_postroute_physopted.rpx"/>
  <File Type="BITSTR-RBT" Name="FA_NBIT.rbt"/>
  <File Type="BITSTR-NKY" Name="FA_NBIT.nky"/>
  <File Type="PDI-FILE" Name="FA_NBIT.pdi"/>
  <File Type="RCFI_FILE" Name="FA_NBIT.rcfi"/>
  <File Type="CFI_FILE" Name="FA_NBIT.cfi"/>
  <File Type="RNPI_FILE" Name="FA_NBIT.rnpi"/>
  <File Type="NPI_FILE" Name="FA_NBIT.npi"/>
  <File Type="RBD_FILE" Name="FA_NBIT.rbd"/>
  <File Type="BITSTR-LTX" Name="debug_nets.ltx"/>
  <File Type="BITSTR-LTX" Name="FA_NBIT.ltx"/>
  <File Type="BITSTR-SYSDEF" Name="FA_NBIT.sysdef"/>
  <File Type="BG-BGN" Name="FA_NBIT.bgn"/>
  <File Type="BG-DRC" Name="FA_NBIT.drc"/>
  <File Type="RDI-RDI" Name="FA_NBIT.vdi"/>
  <File Type="WBT-USG" Name="usage_statistics_webtalk.html"/>
  <FileSet Name="sources" Type="DesignSrcs" RelSrcDir="$PSRCDIR/sources_1">
    <Filter Type="Srcs"/>
    <File Path="$PSRCDIR/sources_1/new/FA.v">
      <FileInfo>
        <Attr Name="UsedIn" Val="synthesis"/>
        <Attr Name="UsedIn" Val="implementation"/>
        <Attr Name="UsedIn" Val="simulation"/>
      </FileInfo>
    </File>
    <File Path="$PSRCDIR/sources_1/new/FA_NBIT.v">
      <FileInfo>
        <Attr Name="UsedIn" Val="synthesis"/>
        <Attr Name="UsedIn" Val="implementation"/>
        <Attr Name="UsedIn" Val="simulation"/>
      </FileInfo>
    </File>
    <Config>
      <Option Name="DesignMode" Val="RTL"/>
      <Option Name="TopModule" Val="FA_NBIT"/>
      <Option Name="TopAutoSet" Val="TRUE"/>
    </Config>
  </FileSet>
  <FileSet Name="constrs_in" Type="Constrs" RelSrcDir="$PSRCDIR/constrs_1">
    <Filter Type="Constrs"/>
    <File Path="$PSRCDIR/constrs_1/new/FA_NBIT.xdc">
      <FileInfo>
        <Attr Name="UsedIn" Val="synthesis"/>
        <Attr Name="UsedIn" Val="implementation"/>
      </FileInfo>
    </File>
    <Config>
      <Option Name="ConstrsType" Val="XDC"/>
    </Config>
  </FileSet>
  <FileSet Name="utils" Type="Utils" RelSrcDir="$PSRCDIR/utils_1">
    <Filter Type="Utils"/>
    <Config>
      <Option Name="TopAutoSet" Val="TRUE"/>
    </Config>
  </FileSet>
  <Strategy Version="1" Minor="2">
    <StratHandle Name="Vivado Implementation Defaults" Flow="Vivado Implementation 2019">
      <Desc>Default settings for Implementation.</Desc>
    </StratHandle>
    <Step Id="init_design"/>
    <Step Id="opt_design"/>
    <Step Id="power_opt_design"/>
    <Step Id="place_design"/>
    <Step Id="post_place_power_opt_design"/>
    <Step Id="phys_opt_design" EnableStepBool="1"/>
    <Step Id="route_design"/>
    <Step Id="post_route_phys_opt_design"/>
    <Step Id="write_bitstream"/>
  </Strategy>
</GenRun>
